Team Name,PLAYER
"""THE CAROLINA KID""",Collin Morikawa
"""THE CAROLINA KID""",Tom Hoge
"""THE CAROLINA KID""",Mito Pereira
"""THE CAROLINA KID""",Max Homa
"""THE CAROLINA KID""",Seamus Power
"""THE CAROLINA KID""",Scottie Scheffler
"""THE CAROLINA KID""",Sepp Straka
7,Aaron Wise
7,Max Homa
7,Scottie Scheffler
7,Sam Burns
7,Xander Schauffele
7,Davis Riley
7,Joaquin Niemann
5NET4,Justin Rose
5NET4,Justin Thomas
5NET4,Jon Rahm
5NET4,Cameron Smith
5NET4,Will Zalatoris
5NET4,Aaron Wise
5NET4,Rory McIlroy
ADAM'S RIB,Adam Hadwin
ADAM'S RIB,Xander Schauffele
ADAM'S RIB,Viktor Hovland
ADAM'S RIB,Patrick Cantlay
ADAM'S RIB,Tommy Fleetwood
ADAM'S RIB,Dustin Johnson
ADAM'S RIB,Collin Morikawa
ALBATROSS,Scottie Scheffler
ALBATROSS,Justin Rose
ALBATROSS,Cameron Young
ALBATROSS,Jon Rahm
ALBATROSS,Hideki Matsuyama
ALBATROSS,Mito Pereira
ALBATROSS,Rory McIlroy
ANDRE LACROIX,Kurt Kitayama
ANDRE LACROIX,Stewart Cink
ANDRE LACROIX,Tony Finau
ANDRE LACROIX,Justin Thomas
ANDRE LACROIX,Viktor Hovland
ANDRE LACROIX,Cameron Smith
ANDRE LACROIX,Tommy Fleetwood
ANGEHADDILLYDEW,Jordan Spieth
ANGEHADDILLYDEW,Jon Rahm
ANGEHADDILLYDEW,Xander Schauffele
ANGEHADDILLYDEW,Daniel Berger
ANGEHADDILLYDEW,Justin Thomas
ANGEHADDILLYDEW,Rory McIlroy
ANGEHADDILLYDEW,Shane Lowry
ANNIE067,Jon Rahm
ANNIE067,Sam Burns
ANNIE067,Viktor Hovland
ANNIE067,Rory McIlroy
ANNIE067,Jordan Spieth
ANNIE067,Corey Conners
ANNIE067,Justin Thomas
BAKINI WAX WATSON,Will Zalatoris
BAKINI WAX WATSON,Mito Pereira
BAKINI WAX WATSON,Patrick Cantlay
BAKINI WAX WATSON,Scottie Scheffler
BAKINI WAX WATSON,Tony Finau
BAKINI WAX WATSON,Sungjae Im
BAKINI WAX WATSON,Davis Riley
BARBADOSBILLY,Viktor Hovland
BARBADOSBILLY,Rory McIlroy
BARBADOSBILLY,Collin Morikawa
BARBADOSBILLY,Justin Thomas
BARBADOSBILLY,Cameron Smith
BARBADOSBILLY,Sam Burns
BARBADOSBILLY,Scottie Scheffler
BEN D,Jordan Spieth
BEN D,Cameron Smith
BEN D,Rory McIlroy
BEN D,Jon Rahm
BEN D,Corey Conners
BEN D,Sungjae Im
BEN D,Tony Finau
BENNY C 1,Sam Burns
BENNY C 1,Scottie Scheffler
BENNY C 1,Brian Harman
BENNY C 1,Rory McIlroy
BENNY C 1,Justin Thomas
BENNY C 1,Cameron Young
BENNY C 1,Talor Gooch
BENNY C 2,Rory McIlroy
BENNY C 2,Max Homa
BENNY C 2,Justin Thomas
BENNY C 2,Collin Morikawa
BENNY C 2,Tom Hoge
BENNY C 2,Scottie Scheffler
BENNY C 2,Sam Burns
BIG STEVIE,Will Zalatoris
BIG STEVIE,Hideki Matsuyama
BIG STEVIE,Jon Rahm
BIG STEVIE,Justin Thomas
BIG STEVIE,Scottie Scheffler
BIG STEVIE,Rory McIlroy
BIG STEVIE,Jordan Spieth
BO KNOWS GOLF,Max Homa
BO KNOWS GOLF,Justin Rose
BO KNOWS GOLF,Will Zalatoris
BO KNOWS GOLF,Jon Rahm
BO KNOWS GOLF,Tony Finau
BO KNOWS GOLF,Justin Thomas
BO KNOWS GOLF,Rory McIlroy
BOB BULL,Collin Morikawa
BOB BULL,Justin Thomas
BOB BULL,Viktor Hovland
BOB BULL,Jordan Spieth
BOB BULL,Rory McIlroy
BOB BULL,Scottie Scheffler
BOB BULL,Brooks Koepka
BOKNOWS 1,Xander Schauffele
BOKNOWS 1,Justin Thomas
BOKNOWS 1,Sam Burns
BOKNOWS 1,Jon Rahm
BOKNOWS 1,Shane Lowry
BOKNOWS 1,Will Zalatoris
BOKNOWS 1,Scottie Scheffler
BOKNOWS 2,Daniel Berger
BOKNOWS 2,Cameron Smith
BOKNOWS 2,Rory McIlroy
BOKNOWS 2,Sungjae Im
BOKNOWS 2,Xander Schauffele
BOKNOWS 2,Will Zalatoris
BOKNOWS 2,Davis Riley
BOOTS BERNARD,Cameron Smith
BOOTS BERNARD,Justin Thomas
BOOTS BERNARD,Scottie Scheffler
BOOTS BERNARD,Brooks Koepka
BOOTS BERNARD,Shane Lowry
BOOTS BERNARD,Patrick Cantlay
BOOTS BERNARD,Rory McIlroy
BRENDA MB,Xander Schauffele
BRENDA MB,Jon Rahm
BRENDA MB,Justin Thomas
BRENDA MB,Cameron Smith
BRENDA MB,Brooks Koepka
BRENDA MB,Scottie Scheffler
BRENDA MB,Rory McIlroy
BRENDA MB 1,Xander Schauffele
BRENDA MB 1,Justin Thomas
BRENDA MB 1,Jordan Spieth
BRENDA MB 1,Scottie Scheffler
BRENDA MB 1,Jon Rahm
BRENDA MB 1,Brooks Koepka
BRENDA MB 1,Rory McIlroy
BRING ON THE BIRDIES,Rory McIlroy
BRING ON THE BIRDIES,Justin Thomas
BRING ON THE BIRDIES,Scottie Scheffler
BRING ON THE BIRDIES,Jon Rahm
BRING ON THE BIRDIES,Will Zalatoris
BRING ON THE BIRDIES,Xander Schauffele
BRING ON THE BIRDIES,Cameron Smith
BUBBA S,Cameron Smith
BUBBA S,Jon Rahm
BUBBA S,Will Zalatoris
BUBBA S,Justin Thomas
BUBBA S,Scottie Scheffler
BUBBA S,Jordan Spieth
BUBBA S,Rory McIlroy
BUSS,Justin Thomas
BUSS,Rory McIlroy
BUSS,Sam Burns
BUSS,Joaquin Niemann
BUSS,Cameron Smith
BUSS,Scottie Scheffler
BUSS,Corey Conners
CANADIAN BUBBA,Scottie Scheffler
CANADIAN BUBBA,Justin Thomas
CANADIAN BUBBA,Jon Rahm
CANADIAN BUBBA,Jordan Spieth
CANADIAN BUBBA,Rory McIlroy
CANADIAN BUBBA,Sam Burns
CANADIAN BUBBA,Will Zalatoris
CAPERMAC,Collin Morikawa
CAPERMAC,Scottie Scheffler
CAPERMAC,Viktor Hovland
CAPERMAC,Jon Rahm
CAPERMAC,Hideki Matsuyama
CAPERMAC,Tony Finau
CAPERMAC,Justin Thomas
CARL B,Cameron Smith
CARL B,Rory McIlroy
CARL B,Matt Fitzpatrick
CARL B,Justin Thomas
CARL B,Scottie Scheffler
CARL B,Jon Rahm
CARL B,Sam Burns
CARL B 1,Justin Thomas
CARL B 1,Jordan Spieth
CARL B 1,Rory McIlroy
CARL B 1,Will Zalatoris
CARL B 1,Shane Lowry
CARL B 1,Scottie Scheffler
CARL B 1,Cameron Smith
CARMAN CASEY,Min Woo Lee
CARMAN CASEY,Tony Finau
CARMAN CASEY,Jon Rahm
CARMAN CASEY,Collin Morikawa
CARMAN CASEY,Hideki Matsuyama
CARMAN CASEY,Shane Lowry
CARMAN CASEY,Cameron Smith
CARTER 1,Cameron Smith
CARTER 1,Justin Thomas
CARTER 1,Rory McIlroy
CARTER 1,Jordan Spieth
CARTER 1,Jon Rahm
CARTER 1,Matt Fitzpatrick
CARTER 1,Scottie Scheffler
CARTER 2,Justin Thomas
CARTER 2,Shane Lowry
CARTER 2,Xander Schauffele
CARTER 2,Jon Rahm
CARTER 2,Collin Morikawa
CARTER 2,Scottie Scheffler
CARTER 2,Patrick Cantlay
CC RIDER 1,Viktor Hovland
CC RIDER 1,Rory McIlroy
CC RIDER 1,Sungjae Im
CC RIDER 1,Justin Thomas
CC RIDER 1,Jon Rahm
CC RIDER 1,Shane Lowry
CC RIDER 1,Daniel Berger
CC RIDER 2,Jon Rahm
CC RIDER 2,Patrick Cantlay
CC RIDER 2,Scottie Scheffler
CC RIDER 2,Rory McIlroy
CC RIDER 2,Justin Thomas
CC RIDER 2,Jordan Spieth
CC RIDER 2,Sam Burns
CHARLES F,Collin Morikawa
CHARLES F,Justin Thomas
CHARLES F,Jordan Spieth
CHARLES F,Matt Fitzpatrick
CHARLES F,Rory McIlroy
CHARLES F,Xander Schauffele
CHARLES F,Jon Rahm
CHARLES F 2,Rory McIlroy
CHARLES F 2,Jon Rahm
CHARLES F 2,Collin Morikawa
CHARLES F 2,Scottie Scheffler
CHARLES F 2,Xander Schauffele
CHARLES F 2,Dustin Johnson
CHARLES F 2,Patrick Cantlay
CHRISTINE DOYON,Shane Lowry
CHRISTINE DOYON,Corey Conners
CHRISTINE DOYON,Justin Thomas
CHRISTINE DOYON,Patrick Cantlay
CHRISTINE DOYON,Will Zalatoris
CHRISTINE DOYON,Matt Fitzpatrick
CHRISTINE DOYON,Rory McIlroy
CLIFF FROM RENFREW,Patrick Cantlay
CLIFF FROM RENFREW,Matt Fitzpatrick
CLIFF FROM RENFREW,Justin Thomas
CLIFF FROM RENFREW,Cameron Smith
CLIFF FROM RENFREW,Rory McIlroy
CLIFF FROM RENFREW,Scottie Scheffler
CLIFF FROM RENFREW,Xander Schauffele
CONNORS GAS,Justin Thomas
CONNORS GAS,Rory McIlroy
CONNORS GAS,Collin Morikawa
CONNORS GAS,Scottie Scheffler
CONNORS GAS,Viktor Hovland
CONNORS GAS,Cameron Smith
CONNORS GAS,Corey Conners
COOP'S GROUP 1,Jon Rahm
COOP'S GROUP 1,Rory McIlroy
COOP'S GROUP 1,Scottie Scheffler
COOP'S GROUP 1,Tony Finau
COOP'S GROUP 1,Justin Thomas
COOP'S GROUP 1,Viktor Hovland
COOP'S GROUP 1,Collin Morikawa
COOP'S GROUP 2,Rory McIlroy
COOP'S GROUP 2,Dustin Johnson
COOP'S GROUP 2,Corey Conners
COOP'S GROUP 2,Brooks Koepka
COOP'S GROUP 2,Bryson DeChambeau
COOP'S GROUP 2,Jon Rahm
COOP'S GROUP 2,Justin Thomas
COREYNATION STREET,Jon Rahm
COREYNATION STREET,Sam Burns
COREYNATION STREET,Tony Finau
COREYNATION STREET,Corey Conners
COREYNATION STREET,Rory McIlroy
COREYNATION STREET,Hideki Matsuyama
COREYNATION STREET,Brooks Koepka
COTTAGE COLD,Tony Finau
COTTAGE COLD,Jon Rahm
COTTAGE COLD,Collin Morikawa
COTTAGE COLD,Rory McIlroy
COTTAGE COLD,Scottie Scheffler
COTTAGE COLD,Justin Thomas
COTTAGE COLD,Jordan Spieth
COWBOYS,Matt Fitzpatrick
COWBOYS,Tony Finau
COWBOYS,Corey Conners
COWBOYS,Scottie Scheffler
COWBOYS,Rory McIlroy
COWBOYS,Jon Rahm
COWBOYS,Justin Thomas
CSK,Sungjae Im
CSK,Will Zalatoris
CSK,Shane Lowry
CSK,Matt Fitzpatrick
CSK,Justin Rose
CSK,Justin Thomas
CSK,Rory McIlroy
CURLEY,Shane Lowry
CURLEY,Cameron Smith
CURLEY,Scottie Scheffler
CURLEY,Will Zalatoris
CURLEY,Jon Rahm
CURLEY,Justin Thomas
CURLEY,Rory McIlroy
D.A.D.,Viktor Hovland
D.A.D.,Davis Riley
D.A.D.,Will Zalatoris
D.A.D.,Patrick Cantlay
D.A.D.,Tony Finau
D.A.D.,Sam Burns
D.A.D.,Scottie Scheffler
DAN S,Cameron Smith
DAN S,Scottie Scheffler
DAN S,Jon Rahm
DAN S,Patrick Cantlay
DAN S,Justin Thomas
DAN S,Xander Schauffele
DAN S,Rory McIlroy
DAVE MACKENZIE,Sam Burns
DAVE MACKENZIE,Justin Thomas
DAVE MACKENZIE,Rory McIlroy
DAVE MACKENZIE,Matt Fitzpatrick
DAVE MACKENZIE,Will Zalatoris
DAVE MACKENZIE,Scottie Scheffler
DAVE MACKENZIE,Cameron Smith
DENISE MATTHEWS,Will Zalatoris
DENISE MATTHEWS,Xander Schauffele
DENISE MATTHEWS,Sam Burns
DENISE MATTHEWS,Justin Thomas
DENISE MATTHEWS,Jon Rahm
DENISE MATTHEWS,Joaquin Niemann
DENISE MATTHEWS,Scottie Scheffler
DIANNE PARISIEN,Justin Thomas
DIANNE PARISIEN,Brooks Koepka
DIANNE PARISIEN,Cameron Smith
DIANNE PARISIEN,Scottie Scheffler
DIANNE PARISIEN,Sam Burns
DIANNE PARISIEN,Rory McIlroy
DIANNE PARISIEN,Corey Conners
DIPPER,Justin Thomas
DIPPER,Scottie Scheffler
DIPPER,Jon Rahm
DIPPER,Corey Conners
DIPPER,Rory McIlroy
DIPPER,Cameron Smith
DIPPER,Keegan Bradley
DIPPER 1,Cameron Smith
DIPPER 1,Patrick Reed
DIPPER 1,Rory McIlroy
DIPPER 1,Dustin Johnson
DIPPER 1,Scottie Scheffler
DIPPER 1,Justin Thomas
DIPPER 1,Tony Finau
DIPPER 2,Patrick Cantlay
DIPPER 2,Tommy Fleetwood
DIPPER 2,Matt Fitzpatrick
DIPPER 2,Tony Finau
DIPPER 2,Brooks Koepka
DIPPER 2,Cameron Smith
DIPPER 2,Rory McIlroy
DJD45 #1,Scottie Scheffler
DJD45 #1,Rory McIlroy
DJD45 #1,Cameron Smith
DJD45 #1,Jordan Spieth
DJD45 #1,Justin Thomas
DJD45 #1,Patrick Cantlay
DJD45 #1,Sam Burns
DJD45 #2,Xander Schauffele
DJD45 #2,Justin Rose
DJD45 #2,Justin Thomas
DJD45 #2,Collin Morikawa
DJD45 #2,Viktor Hovland
DJD45 #2,Shane Lowry
DJD45 #2,Rory McIlroy
DJD45 #3,Jordan Spieth
DJD45 #3,Jon Rahm
DJD45 #3,Brooks Koepka
DJD45 #3,Scottie Scheffler
DJD45 #3,Xander Schauffele
DJD45 #3,Rory McIlroy
DJD45 #3,Justin Thomas
DJD45 #4,Corey Conners
DJD45 #4,Jordan Spieth
DJD45 #4,Will Zalatoris
DJD45 #4,Dustin Johnson
DJD45 #4,Patrick Cantlay
DJD45 #4,Matt Fitzpatrick
DJD45 #4,Rory McIlroy
DJD45 #5,Rory McIlroy
DJD45 #5,Corey Conners
DJD45 #5,Jordan Spieth
DJD45 #5,Daniel Berger
DJD45 #5,Dustin Johnson
DJD45 #5,Jon Rahm
DJD45 #5,Collin Morikawa
DOC 1,Scottie Scheffler
DOC 1,Corey Conners
DOC 1,Matt Fitzpatrick
DOC 1,Justin Thomas
DOC 1,Sam Burns
DOC 1,Rory McIlroy
DOC 1,Jon Rahm
DOC 2,Jordan Spieth
DOC 2,Sam Burns
DOC 2,Collin Morikawa
DOC 2,Will Zalatoris
DOC 2,Scottie Scheffler
DOC 2,Rory McIlroy
DOC 2,Justin Thomas
DOC 3,Justin Thomas
DOC 3,Corey Conners
DOC 3,Scottie Scheffler
DOC 3,Mito Pereira
DOC 3,Billy Horschel
DOC 3,Shane Lowry
DOC 3,Tony Finau
DOC 4,Will Zalatoris
DOC 4,Rory McIlroy
DOC 4,Brooks Koepka
DOC 4,Tony Finau
DOC 4,Jordan Spieth
DOC 4,Joaquin Niemann
DOC 4,Cameron Young
DOC 5,Viktor Hovland
DOC 5,Shane Lowry
DOC 5,Davis Riley
DOC 5,Xander Schauffele
DOC 5,Cameron Smith
DOC 5,Justin Thomas
DOC 5,Scottie Scheffler
DOC 6,Jordan Spieth
DOC 6,Tommy Fleetwood
DOC 6,Rory McIlroy
DOC 6,Shane Lowry
DOC 6,Collin Morikawa
DOC 6,Davis Riley
DOC 6,Justin Thomas
DOC 7,Jon Rahm
DOC 7,Rory McIlroy
DOC 7,Justin Thomas
DOC 7,Scottie Scheffler
DOC 7,Corey Conners
DOC 7,Patrick Cantlay
DOC 7,Will Zalatoris
DOC 8,Sungjae Im
DOC 8,Shane Lowry
DOC 8,Scottie Scheffler
DOC 8,Hideki Matsuyama
DOC 8,Justin Rose
DOC 8,Rory McIlroy
DOC 8,Max Homa
DON LIBERTY 1,Brooks Koepka
DON LIBERTY 1,Cameron Smith
DON LIBERTY 1,Justin Thomas
DON LIBERTY 1,Joaquin Niemann
DON LIBERTY 1,Rory McIlroy
DON LIBERTY 1,Scottie Scheffler
DON LIBERTY 1,Will Zalatoris
DON LIBERTY 2,Cameron Smith
DON LIBERTY 2,Scottie Scheffler
DON LIBERTY 2,Collin Morikawa
DON LIBERTY 2,Justin Thomas
DON LIBERTY 2,Jon Rahm
DON LIBERTY 2,Sam Burns
DON LIBERTY 2,Xander Schauffele
DON LIBERTY 3,Will Zalatoris
DON LIBERTY 3,Justin Thomas
DON LIBERTY 3,Cameron Smith
DON LIBERTY 3,Brooks Koepka
DON LIBERTY 3,Scottie Scheffler
DON LIBERTY 3,Jon Rahm
DON LIBERTY 3,Hideki Matsuyama
DON LIBERTY 4,Justin Thomas
DON LIBERTY 4,Scottie Scheffler
DON LIBERTY 4,Rory McIlroy
DON LIBERTY 4,Dustin Johnson
DON LIBERTY 4,Sungjae Im
DON LIBERTY 4,Jon Rahm
DON LIBERTY 4,Cameron Smith
DON/LAC,Jon Rahm
DON/LAC,Brooks Koepka
DON/LAC,Scottie Scheffler
DON/LAC,Xander Schauffele
DON/LAC,Jordan Spieth
DON/LAC,Justin Thomas
DON/LAC,Cameron Smith
DORE13,Patrick Reed
DORE13,Corey Conners
DORE13,Dustin Johnson
DORE13,Hideki Matsuyama
DORE13,Brooks Koepka
DORE13,Jon Rahm
DORE13,Jordan Spieth
DOUBLE TENNESSEE,Adam Hadwin
DOUBLE TENNESSEE,Rory McIlroy
DOUBLE TENNESSEE,Sam Burns
DOUBLE TENNESSEE,Jon Rahm
DOUBLE TENNESSEE,Keegan Bradley
DOUBLE TENNESSEE,Justin Rose
DOUBLE TENNESSEE,Corey Conners
DOWN THE MIDDLE,Jon Rahm
DOWN THE MIDDLE,Shane Lowry
DOWN THE MIDDLE,Rory McIlroy
DOWN THE MIDDLE,Sam Burns
DOWN THE MIDDLE,Matt Fitzpatrick
DOWN THE MIDDLE,Corey Conners
DOWN THE MIDDLE,Cameron Smith
DUNNOTTER,Matt Fitzpatrick
DUNNOTTER,Rory McIlroy
DUNNOTTER,Cameron Smith
DUNNOTTER,Shane Lowry
DUNNOTTER,Justin Thomas
DUNNOTTER,Dustin Johnson
DUNNOTTER,Sam Burns
EL PRIMO,Will Zalatoris
EL PRIMO,Scottie Scheffler
EL PRIMO,Justin Thomas
EL PRIMO,Billy Horschel
EL PRIMO,Rory McIlroy
EL PRIMO,Sam Burns
EL PRIMO,Corey Conners
ELIN WOODS,Justin Thomas
ELIN WOODS,Rory McIlroy
ELIN WOODS,Billy Horschel
ELIN WOODS,Collin Morikawa
ELIN WOODS,Tony Finau
ELIN WOODS,Jon Rahm
ELIN WOODS,Scottie Scheffler
ELIN WOODS 2,Will Zalatoris
ELIN WOODS 2,Viktor Hovland
ELIN WOODS 2,Rory McIlroy
ELIN WOODS 2,Brooks Koepka
ELIN WOODS 2,Jon Rahm
ELIN WOODS 2,Sam Burns
ELIN WOODS 2,Davis Riley
ELIN WOODS 3,Cameron Smith
ELIN WOODS 3,Jordan Spieth
ELIN WOODS 3,Cameron Young
ELIN WOODS 3,Justin Thomas
ELIN WOODS 3,Joaquin Niemann
ELIN WOODS 3,Shane Lowry
ELIN WOODS 3,Rory McIlroy
ERIC BURPEE,Collin Morikawa
ERIC BURPEE,Will Zalatoris
ERIC BURPEE,Sam Burns
ERIC BURPEE,Jon Rahm
ERIC BURPEE,Justin Thomas
ERIC BURPEE,Brooks Koepka
ERIC BURPEE,Rory McIlroy
ERP,Xander Schauffele
ERP,Justin Thomas
ERP,Will Zalatoris
ERP,Sam Burns
ERP,Tony Finau
ERP,Jon Rahm
ERP,Daniel Berger
FLOJO 1,Xander Schauffele
FLOJO 1,Will Zalatoris
FLOJO 1,Patrick Cantlay
FLOJO 1,Shane Lowry
FLOJO 1,Jordan Spieth
FLOJO 1,Sam Burns
FLOJO 1,Rory McIlroy
FLOJO 2,Matt Fitzpatrick
FLOJO 2,Cameron Smith
FLOJO 2,Max Homa
FLOJO 2,Davis Riley
FLOJO 2,Jon Rahm
FLOJO 2,Justin Thomas
FLOJO 2,Scottie Scheffler
FORE MUA,Dustin Johnson
FORE MUA,Rory McIlroy
FORE MUA,Brooks Koepka
FORE MUA,Xander Schauffele
FORE MUA,Justin Thomas
FORE MUA,Jon Rahm
FORE MUA,Bryson DeChambeau
FREE CUP OF SOUP,Scottie Scheffler
FREE CUP OF SOUP,Justin Thomas
FREE CUP OF SOUP,Shane Lowry
FREE CUP OF SOUP,Corey Conners
FREE CUP OF SOUP,Tony Finau
FREE CUP OF SOUP,Sam Burns
FREE CUP OF SOUP,Rory McIlroy
FUDGELADY,Will Zalatoris
FUDGELADY,Max Homa
FUDGELADY,Joaquin Niemann
FUDGELADY,Corey Conners
FUDGELADY,Patrick Cantlay
FUDGELADY,Justin Thomas
FUDGELADY,Rory McIlroy
GARBAGE GUY,Justin Thomas
GARBAGE GUY,Will Zalatoris
GARBAGE GUY,Corey Conners
GARBAGE GUY,Tony Finau
GARBAGE GUY,Cameron Smith
GARBAGE GUY,Rory McIlroy
GARBAGE GUY,Shane Lowry
GAZZA,Rory McIlroy
GAZZA,Cameron Smith
GAZZA,Jordan Spieth
GAZZA,Scottie Scheffler
GAZZA,Will Zalatoris
GAZZA,Collin Morikawa
GAZZA,Corey Conners
GBOA 1,Jon Rahm
GBOA 1,Max Homa
GBOA 1,Justin Thomas
GBOA 1,Corey Conners
GBOA 1,Hideki Matsuyama
GBOA 1,Rory McIlroy
GBOA 1,Tony Finau
GBOA 2,Shane Lowry
GBOA 2,Sam Burns
GBOA 2,Justin Thomas
GBOA 2,Will Zalatoris
GBOA 2,Scottie Scheffler
GBOA 2,Collin Morikawa
GBOA 2,Cameron Smith
GEORGE B 1,Corey Conners
GEORGE B 1,Cameron Smith
GEORGE B 1,Xander Schauffele
GEORGE B 1,Justin Thomas
GEORGE B 1,Scottie Scheffler
GEORGE B 1,Davis Riley
GEORGE B 1,Billy Horschel
GEORGE B 2,Daniel Berger
GEORGE B 2,Cameron Smith
GEORGE B 2,Jon Rahm
GEORGE B 2,Rory McIlroy
GEORGE B 2,Corey Conners
GEORGE B 2,Sam Burns
GEORGE B 2,Jordan Spieth
GEORGE B 3,Lucas Herbert
GEORGE B 3,Jon Rahm
GEORGE B 3,Scottie Scheffler
GEORGE B 3,Brooks Koepka
GEORGE B 3,Justin Thomas
GEORGE B 3,Billy Horschel
GEORGE B 3,Will Zalatoris
GG 2,Scottie Scheffler
GG 2,Collin Morikawa
GG 2,Jon Rahm
GG 2,Corey Conners
GG 2,Justin Thomas
GG 2,Cameron Smith
GG 2,Rory McIlroy
GLY 1,Scottie Scheffler
GLY 1,Jon Rahm
GLY 1,Corey Conners
GLY 1,Justin Thomas
GLY 1,Rory McIlroy
GLY 1,Cameron Smith
GLY 1,Sam Burns
GNZ,Sam Burns
GNZ,Scottie Scheffler
GNZ,Matt Fitzpatrick
GNZ,Will Zalatoris
GNZ,Cameron Smith
GNZ,Justin Thomas
GNZ,Sungjae Im
GOLDEN BEAR,Jon Rahm
GOLDEN BEAR,Corey Conners
GOLDEN BEAR,Justin Thomas
GOLDEN BEAR,Max Homa
GOLDEN BEAR,Rory McIlroy
GOLDEN BEAR,Shane Lowry
GOLDEN BEAR,Sam Burns
GRASSHOPPER,Matt Fitzpatrick
GRASSHOPPER,Justin Thomas
GRASSHOPPER,Cameron Young
GRASSHOPPER,Xander Schauffele
GRASSHOPPER,Jon Rahm
GRASSHOPPER,Shane Lowry
GRASSHOPPER,Rory McIlroy
GREEN AS GRASS,Rory McIlroy
GREEN AS GRASS,Louis Oosthuizen
GREEN AS GRASS,Brooks Koepka
GREEN AS GRASS,Hideki Matsuyama
GREEN AS GRASS,Collin Morikawa
GREEN AS GRASS,Shane Lowry
GREEN AS GRASS,Xander Schauffele
HABS FOR LIFE,Rory McIlroy
HABS FOR LIFE,Jon Rahm
HABS FOR LIFE,Sam Burns
HABS FOR LIFE,Cameron Smith
HABS FOR LIFE,Justin Thomas
HABS FOR LIFE,Justin Rose
HABS FOR LIFE,Scottie Scheffler
HARRY BILLINGS,Justin Thomas
HARRY BILLINGS,Jon Rahm
HARRY BILLINGS,Jordan Spieth
HARRY BILLINGS,Scottie Scheffler
HARRY BILLINGS,Dustin Johnson
HARRY BILLINGS,Rory McIlroy
HARRY BILLINGS,Daniel Berger
HAYWOOD JABLOWME,Collin Morikawa
HAYWOOD JABLOWME,Will Zalatoris
HAYWOOD JABLOWME,Cameron Smith
HAYWOOD JABLOWME,Rory McIlroy
HAYWOOD JABLOWME,Justin Thomas
HAYWOOD JABLOWME,Matt Fitzpatrick
HAYWOOD JABLOWME,Scottie Scheffler
HERMAN WINNINGHAM,Rory McIlroy
HERMAN WINNINGHAM,Jon Rahm
HERMAN WINNINGHAM,Collin Morikawa
HERMAN WINNINGHAM,Justin Thomas
HERMAN WINNINGHAM,Seamus Power
HERMAN WINNINGHAM,Brooks Koepka
HERMAN WINNINGHAM,Jordan Spieth
HORACE RAWLINS,Rory McIlroy
HORACE RAWLINS,Scottie Scheffler
HORACE RAWLINS,Justin Thomas
HORACE RAWLINS,Jordan Spieth
HORACE RAWLINS,Shane Lowry
HORACE RAWLINS,Jon Rahm
HORACE RAWLINS,Will Zalatoris
IAN CRAIG 1,Justin Thomas
IAN CRAIG 1,Matt Fitzpatrick
IAN CRAIG 1,Scottie Scheffler
IAN CRAIG 1,Xander Schauffele
IAN CRAIG 1,Shane Lowry
IAN CRAIG 1,Sam Burns
IAN CRAIG 1,Rory McIlroy
IAN CRAIG 2,Daniel Berger
IAN CRAIG 2,Davis Riley
IAN CRAIG 2,Cameron Smith
IAN CRAIG 2,Max Homa
IAN CRAIG 2,Jon Rahm
IAN CRAIG 2,Mito Pereira
IAN CRAIG 2,Will Zalatoris
J.D. ON THE ROCKS,Jordan Spieth
J.D. ON THE ROCKS,Justin Thomas
J.D. ON THE ROCKS,Xander Schauffele
J.D. ON THE ROCKS,Joaquin Niemann
J.D. ON THE ROCKS,Stewart Cink
J.D. ON THE ROCKS,Wyndham Clark
J.D. ON THE ROCKS,Viktor Hovland
JACASSIC PARK,Jordan Spieth
JACASSIC PARK,Jon Rahm
JACASSIC PARK,Shane Lowry
JACASSIC PARK,Rory McIlroy
JACASSIC PARK,Scottie Scheffler
JACASSIC PARK,Collin Morikawa
JACASSIC PARK,Xander Schauffele
JACOB A,Rory McIlroy
JACOB A,Justin Thomas
JACOB A,Tony Finau
JACOB A,Jon Rahm
JACOB A,Xander Schauffele
JACOB A,Joaquin Niemann
JACOB A,Tommy Fleetwood
JAMES BOND,Will Zalatoris
JAMES BOND,Justin Thomas
JAMES BOND,Sungjae Im
JAMES BOND,Corey Conners
JAMES BOND,Shane Lowry
JAMES BOND,Matt Fitzpatrick
JAMES BOND,Rory McIlroy
JARNOLD 96,Cameron Smith
JARNOLD 96,Jordan Spieth
JARNOLD 96,Rory McIlroy
JARNOLD 96,Daniel Berger
JARNOLD 96,Justin Thomas
JARNOLD 96,Tony Finau
JARNOLD 96,Jon Rahm
JARNZY 96,Will Zalatoris
JARNZY 96,Scottie Scheffler
JARNZY 96,Cameron Smith
JARNZY 96,Matt Fitzpatrick
JARNZY 96,Shane Lowry
JARNZY 96,Rory McIlroy
JARNZY 96,Justin Thomas
JASON PRINCE 1,Dustin Johnson
JASON PRINCE 1,Rory McIlroy
JASON PRINCE 1,Matt Fitzpatrick
JASON PRINCE 1,Cameron Smith
JASON PRINCE 1,Scottie Scheffler
JASON PRINCE 1,Justin Thomas
JASON PRINCE 1,Patrick Cantlay
JASON PRINCE 2,Louis Oosthuizen
JASON PRINCE 2,Rory McIlroy
JASON PRINCE 2,Shane Lowry
JASON PRINCE 2,Justin Thomas
JASON PRINCE 2,Matt Fitzpatrick
JASON PRINCE 2,Patrick Cantlay
JASON PRINCE 2,Scottie Scheffler
JASON PRINCE 3,Scottie Scheffler
JASON PRINCE 3,Matt Fitzpatrick
JASON PRINCE 3,Jon Rahm
JASON PRINCE 3,Justin Thomas
JASON PRINCE 3,Rory McIlroy
JASON PRINCE 3,Xander Schauffele
JASON PRINCE 3,Daniel Berger
JASON PRINCE 4,Scottie Scheffler
JASON PRINCE 4,Patrick Cantlay
JASON PRINCE 4,Justin Thomas
JASON PRINCE 4,Xander Schauffele
JASON PRINCE 4,Rory McIlroy
JASON PRINCE 4,Matt Fitzpatrick
JASON PRINCE 4,Louis Oosthuizen
JASON PRINCE 5,Justin Thomas
JASON PRINCE 5,Dustin Johnson
JASON PRINCE 5,Scottie Scheffler
JASON PRINCE 5,Xander Schauffele
JASON PRINCE 5,Jon Rahm
JASON PRINCE 5,Rory McIlroy
JASON PRINCE 5,Cameron Smith
JIM ROSBOROUGH,Dustin Johnson
JIM ROSBOROUGH,Jon Rahm
JIM ROSBOROUGH,Collin Morikawa
JIM ROSBOROUGH,Justin Thomas
JIM ROSBOROUGH,Scottie Scheffler
JIM ROSBOROUGH,Cameron Smith
JIM ROSBOROUGH,Rory McIlroy
JIMMY TRUESLACKS,Rory McIlroy
JIMMY TRUESLACKS,Will Zalatoris
JIMMY TRUESLACKS,Patrick Cantlay
JIMMY TRUESLACKS,Scottie Scheffler
JIMMY TRUESLACKS,Matt Fitzpatrick
JIMMY TRUESLACKS,Justin Thomas
JIMMY TRUESLACKS,Sam Burns
JOHN MATTHEWS,Collin Morikawa
JOHN MATTHEWS,Scottie Scheffler
JOHN MATTHEWS,Rory McIlroy
JOHN MATTHEWS,Jon Rahm
JOHN MATTHEWS,Will Zalatoris
JOHN MATTHEWS,Viktor Hovland
JOHN MATTHEWS,Xander Schauffele
JOHN WOULD,Gary Woodland
JOHN WOULD,Denny McCarthy
JOHN WOULD,Daniel Berger
JOHN WOULD,Jordan Spieth
JOHN WOULD,Tom Hoge
JOHN WOULD,Collin Morikawa
JOHN WOULD,Corey Conners
JOHNNY FAIRWAY 1,Xander Schauffele
JOHNNY FAIRWAY 1,Justin Thomas
JOHNNY FAIRWAY 1,Will Zalatoris
JOHNNY FAIRWAY 1,Tony Finau
JOHNNY FAIRWAY 1,Collin Morikawa
JOHNNY FAIRWAY 1,Tommy Fleetwood
JOHNNY FAIRWAY 1,Rory McIlroy
JOHNNY FAIRWAY 2,Will Zalatoris
JOHNNY FAIRWAY 2,Brooks Koepka
JOHNNY FAIRWAY 2,Jordan Spieth
JOHNNY FAIRWAY 2,Cameron Smith
JOHNNY FAIRWAY 2,Rory McIlroy
JOHNNY FAIRWAY 2,Jon Rahm
JOHNNY FAIRWAY 2,Justin Thomas
JOHNNY FAIRWAY 3,Scottie Scheffler
JOHNNY FAIRWAY 3,Rory McIlroy
JOHNNY FAIRWAY 3,Joaquin Niemann
JOHNNY FAIRWAY 3,Xander Schauffele
JOHNNY FAIRWAY 3,Tommy Fleetwood
JOHNNY FAIRWAY 3,Will Zalatoris
JOHNNY FAIRWAY 3,Cameron Smith
JOHNNY FAIRWAY 4,Tommy Fleetwood
JOHNNY FAIRWAY 4,Rory McIlroy
JOHNNY FAIRWAY 4,Xander Schauffele
JOHNNY FAIRWAY 4,Will Zalatoris
JOHNNY FAIRWAY 4,Scottie Scheffler
JOHNNY FAIRWAY 4,Justin Thomas
JOHNNY FAIRWAY 4,Sungjae Im
JOHNNY FAIRWAY 5,Tony Finau
JOHNNY FAIRWAY 5,Gary Woodland
JOHNNY FAIRWAY 5,Jon Rahm
JOHNNY FAIRWAY 5,Billy Horschel
JOHNNY FAIRWAY 5,Sungjae Im
JOHNNY FAIRWAY 5,Brooks Koepka
JOHNNY FAIRWAY 5,Shane Lowry
JOHNNYB 1,Sam Burns
JOHNNYB 1,Corey Conners
JOHNNYB 1,Sungjae Im
JOHNNYB 1,Justin Rose
JOHNNYB 1,Brooks Koepka
JOHNNYB 1,Cameron Smith
JOHNNYB 1,Will Zalatoris
JOHNNYB 2,Collin Morikawa
JOHNNYB 2,Jordan Spieth
JOHNNYB 2,Rory McIlroy
JOHNNYB 2,Jon Rahm
JOHNNYB 2,Justin Thomas
JOHNNYB 2,Matt Fitzpatrick
JOHNNYB 2,Joaquin Niemann
JOHNSON'S LAKE BUDDY,Jon Rahm
JOHNSON'S LAKE BUDDY,Justin Thomas
JOHNSON'S LAKE BUDDY,Scottie Scheffler
JOHNSON'S LAKE BUDDY,Brooks Koepka
JOHNSON'S LAKE BUDDY,Shane Lowry
JOHNSON'S LAKE BUDDY,Xander Schauffele
JOHNSON'S LAKE BUDDY,Rory McIlroy
KEVIN GRAHAM,Xander Schauffele
KEVIN GRAHAM,Rory McIlroy
KEVIN GRAHAM,Cameron Smith
KEVIN GRAHAM,Scottie Scheffler
KEVIN GRAHAM,Matt Fitzpatrick
KEVIN GRAHAM,Shane Lowry
KEVIN GRAHAM,Jon Rahm
KIKI,Rory McIlroy
KIKI,Xander Schauffele
KIKI,Jordan Spieth
KIKI,Sam Burns
KIKI,Justin Thomas
KIKI,Cameron Smith
KIKI,Scottie Scheffler
KRAZYCANUCK 007,Justin Thomas
KRAZYCANUCK 007,Dustin Johnson
KRAZYCANUCK 007,Tommy Fleetwood
KRAZYCANUCK 007,Rory McIlroy
KRAZYCANUCK 007,Phil Mickelson
KRAZYCANUCK 007,Brooks Koepka
KRAZYCANUCK 007,Scottie Scheffler
LAC/DON,Will Zalatoris
LAC/DON,Max Homa
LAC/DON,Tom Hoge
LAC/DON,Xander Schauffele
LAC/DON,Adam Scott
LAC/DON,Collin Morikawa
LAC/DON,Cameron Young
LACOSTE 13,Mackenzie Hughes
LACOSTE 13,Billy Horschel
LACOSTE 13,Shane Lowry
LACOSTE 13,Brooks Koepka
LACOSTE 13,Sam Burns
LACOSTE 13,Scottie Scheffler
LACOSTE 13,Si Woo Kim
LACOSTE 2,Sebastián Muñoz
LACOSTE 2,Brian Harman
LACOSTE 2,Justin Rose
LACOSTE 2,Rory McIlroy
LACOSTE 2,Tyrrell Hatton
LACOSTE 2,Gary Woodland
LACOSTE 2,Talor Gooch
LE'A,Joaquin Niemann
LE'A,Harold Varner III
LE'A,Will Zalatoris
LE'A,Adam Hadwin
LE'A,Jordan Spieth
LE'A,Aaron Wise
LE'A,Rory McIlroy
LEAFSROCK,Scottie Scheffler
LEAFSROCK,Sam Burns
LEAFSROCK,Matt Fitzpatrick
LEAFSROCK,Shane Lowry
LEAFSROCK,Xander Schauffele
LEAFSROCK,Rory McIlroy
LEAFSROCK,Cameron Smith
LEPRECHAUN,Patrick Cantlay
LEPRECHAUN,Xander Schauffele
LEPRECHAUN,Scottie Scheffler
LEPRECHAUN,Jordan Spieth
LEPRECHAUN,Jon Rahm
LEPRECHAUN,Justin Thomas
LEPRECHAUN,Rory McIlroy
LESTER,Rory McIlroy
LESTER,Cameron Smith
LESTER,Patrick Cantlay
LESTER,Will Zalatoris
LESTER,Scottie Scheffler
LESTER,Justin Thomas
LESTER,Billy Horschel
LIQUID POOL LEADERS,Rory McIlroy
LIQUID POOL LEADERS,Will Zalatoris
LIQUID POOL LEADERS,Scottie Scheffler
LIQUID POOL LEADERS,Cameron Young
LIQUID POOL LEADERS,Matt Fitzpatrick
LIQUID POOL LEADERS,Justin Thomas
LIQUID POOL LEADERS,Shane Lowry
LONG LIVE LIV!,Bryson DeChambeau
LONG LIVE LIV!,Richard Bland
LONG LIVE LIV!,Louis Oosthuizen
LONG LIVE LIV!,#N/A
LONG LIVE LIV!,Patrick Reed
LONG LIVE LIV!,Talor Gooch
LONG LIVE LIV!,Dustin Johnson
LOULAC,Sam Burns
LOULAC,Harris English
LOULAC,Corey Conners
LOULAC,Daniel Berger
LOULAC,Keegan Bradley
LOULAC,Matt Fitzpatrick
LOULAC,Patrick Cantlay
LOULOU,Jason Kokrak
LOULOU,Kevin Kisner
LOULOU,Marc Leishman
LOULOU,Cameron Smith
LOULOU,Hideki Matsuyama
LOULOU,Scottie Scheffler
LOULOU,Sungjae Im
LUC/MIKE 1,Sam Burns
LUC/MIKE 1,Patrick Cantlay
LUC/MIKE 1,Scottie Scheffler
LUC/MIKE 1,Justin Thomas
LUC/MIKE 1,Cameron Smith
LUC/MIKE 1,Will Zalatoris
LUC/MIKE 1,Rory McIlroy
LUC/MIKE 2,Jon Rahm
LUC/MIKE 2,Scottie Scheffler
LUC/MIKE 2,Cameron Smith
LUC/MIKE 2,Brooks Koepka
LUC/MIKE 2,Justin Thomas
LUC/MIKE 2,Collin Morikawa
LUC/MIKE 2,Rory McIlroy
LUKIE'S DUFFERS,Sam Burns
LUKIE'S DUFFERS,Matt Fitzpatrick
LUKIE'S DUFFERS,Tony Finau
LUKIE'S DUFFERS,Corey Conners
LUKIE'S DUFFERS,Collin Morikawa
LUKIE'S DUFFERS,Rory McIlroy
LUKIE'S DUFFERS,Justin Thomas
LYNN C HAWKS,Scottie Scheffler
LYNN C HAWKS,Rory McIlroy
LYNN C HAWKS,Jon Rahm
LYNN C HAWKS,Justin Thomas
LYNN C HAWKS,Jordan Spieth
LYNN C HAWKS,Corey Conners
LYNN C HAWKS,Cameron Smith
MARK SKROBEK,Justin Thomas
MARK SKROBEK,Matt Fitzpatrick
MARK SKROBEK,Justin Rose
MARK SKROBEK,Sam Burns
MARK SKROBEK,Rory McIlroy
MARK SKROBEK,Jon Rahm
MARK SKROBEK,Shane Lowry
MEATBALL,Xander Schauffele
MEATBALL,Justin Thomas
MEATBALL,Kevin Kisner
MEATBALL,Shane Lowry
MEATBALL,Viktor Hovland
MEATBALL,Jon Rahm
MEATBALL,Joaquin Niemann
MIKE OXBIG 1,Justin Thomas
MIKE OXBIG 1,Xander Schauffele
MIKE OXBIG 1,Sam Burns
MIKE OXBIG 1,Rory McIlroy
MIKE OXBIG 1,Shane Lowry
MIKE OXBIG 1,Scottie Scheffler
MIKE OXBIG 1,Jon Rahm
MIKE OXBIG 2,Jordan Spieth
MIKE OXBIG 2,Rory McIlroy
MIKE OXBIG 2,Will Zalatoris
MIKE OXBIG 2,Cameron Smith
MIKE OXBIG 2,Scottie Scheffler
MIKE OXBIG 2,Jon Rahm
MIKE OXBIG 2,Justin Thomas
MIKE/LUC 1,Will Zalatoris
MIKE/LUC 1,Rory McIlroy
MIKE/LUC 1,Brooks Koepka
MIKE/LUC 1,Justin Thomas
MIKE/LUC 1,Jordan Spieth
MIKE/LUC 1,Justin Rose
MIKE/LUC 1,Sam Burns
MIKE/LUC 2,Scottie Scheffler
MIKE/LUC 2,Brooks Koepka
MIKE/LUC 2,Jon Rahm
MIKE/LUC 2,Viktor Hovland
MIKE/LUC 2,Sam Burns
MIKE/LUC 2,Patrick Cantlay
MIKE/LUC 2,Louis Oosthuizen
MINI-COOP,Justin Thomas
MINI-COOP,Jon Rahm
MINI-COOP,Rory McIlroy
MINI-COOP,Corey Conners
MINI-COOP,Tony Finau
MINI-COOP,Cameron Smith
MINI-COOP,Adam Scott
MISSY,Jordan Spieth
MISSY,Will Zalatoris
MISSY,Matt Fitzpatrick
MISSY,Cameron Young
MISSY,Scottie Scheffler
MISSY,Sungjae Im
MISSY,Shane Lowry
MSKROBEK88,Harold Varner III
MSKROBEK88,Corey Conners
MSKROBEK88,Sam Burns
MSKROBEK88,Scottie Scheffler
MSKROBEK88,Justin Thomas
MSKROBEK88,Dustin Johnson
MSKROBEK88,Will Zalatoris
NAVAJO JOE,Sam Burns
NAVAJO JOE,Corey Conners
NAVAJO JOE,Will Zalatoris
NAVAJO JOE,Justin Thomas
NAVAJO JOE,Shane Lowry
NAVAJO JOE,Scottie Scheffler
NAVAJO JOE,Rory McIlroy
NELSON SANTOVENIA,Justin Thomas
NELSON SANTOVENIA,Tony Finau
NELSON SANTOVENIA,Collin Morikawa
NELSON SANTOVENIA,Cameron Smith
NELSON SANTOVENIA,Rory McIlroy
NELSON SANTOVENIA,Hideki Matsuyama
NELSON SANTOVENIA,Corey Conners
NIKKI D,Max Homa
NIKKI D,Corey Conners
NIKKI D,Matt Fitzpatrick
NIKKI D,Jon Rahm
NIKKI D,Shane Lowry
NIKKI D,Scottie Scheffler
NIKKI D,Cameron Smith
NYG,Matt Fitzpatrick
NYG,Corey Conners
NYG,Scottie Scheffler
NYG,Tommy Fleetwood
NYG,Justin Thomas
NYG,Cameron Smith
NYG,Tony Finau
OGGER 1,Sam Burns
OGGER 1,Sungjae Im
OGGER 1,Daniel Berger
OGGER 1,Shane Lowry
OGGER 1,Tony Finau
OGGER 1,Patrick Cantlay
OGGER 1,Max Homa
OGGER 2,Max Homa
OGGER 2,Jon Rahm
OGGER 2,Corey Conners
OGGER 2,Matt Fitzpatrick
OGGER 2,Cameron Young
OGGER 2,Xander Schauffele
OGGER 2,Will Zalatoris
PARISIEN 13,Jon Rahm
PARISIEN 13,Jason Kokrak
PARISIEN 13,Daniel Berger
PARISIEN 13,Will Zalatoris
PARISIEN 13,Cameron Smith
PARISIEN 13,Rory McIlroy
PARISIEN 13,Collin Morikawa
PAT SUMMERALL,Tommy Fleetwood
PAT SUMMERALL,Collin Morikawa
PAT SUMMERALL,Rory McIlroy
PAT SUMMERALL,Sungjae Im
PAT SUMMERALL,Shane Lowry
PAT SUMMERALL,Justin Thomas
PAT SUMMERALL,Matt Fitzpatrick
PEACHTREE,Will Zalatoris
PEACHTREE,Shane Lowry
PEACHTREE,Xander Schauffele
PEACHTREE,Jon Rahm
PEACHTREE,Cameron Smith
PEACHTREE,Collin Morikawa
PEACHTREE,Matt Fitzpatrick
PJT,Rory McIlroy
PJT,Collin Morikawa
PJT,Jon Rahm
PJT,Jordan Spieth
PJT,Tony Finau
PJT,Justin Thomas
PJT,Daniel Berger
POLACK,Jon Rahm
POLACK,Cameron Smith
POLACK,Patrick Cantlay
POLACK,Xander Schauffele
POLACK,Justin Thomas
POLACK,Rory McIlroy
POLACK,Scottie Scheffler
POOL LADY,Corey Conners
POOL LADY,Cameron Smith
POOL LADY,Justin Thomas
POOL LADY,Shane Lowry
POOL LADY,Collin Morikawa
POOL LADY,Jon Rahm
POOL LADY,Rory McIlroy
PUTTIN' ON THE FITZ,Matt Fitzpatrick
PUTTIN' ON THE FITZ,Adam Scott
PUTTIN' ON THE FITZ,Cameron Smith
PUTTIN' ON THE FITZ,Scottie Scheffler
PUTTIN' ON THE FITZ,Marc Leishman
PUTTIN' ON THE FITZ,Shane Lowry
PUTTIN' ON THE FITZ,Billy Horschel
QTOWNGIRL,Jon Rahm
QTOWNGIRL,Cameron Smith
QTOWNGIRL,Will Zalatoris
QTOWNGIRL,Scottie Scheffler
QTOWNGIRL,Rory McIlroy
QTOWNGIRL,Justin Thomas
QTOWNGIRL,Xander Schauffele
R.J. BULL,Rory McIlroy
R.J. BULL,Jon Rahm
R.J. BULL,Corey Conners
R.J. BULL,Justin Thomas
R.J. BULL,Sam Burns
R.J. BULL,Scottie Scheffler
R.J. BULL,Tony Finau
RABBITT,Tommy Fleetwood
RABBITT,Rory McIlroy
RABBITT,Jon Rahm
RABBITT,Bryson DeChambeau
RABBITT,Scottie Scheffler
RABBITT,Shane Lowry
RABBITT,Dustin Johnson
RABBITT'S TWIN,Adam Scott
RABBITT'S TWIN,Patrick Reed
RABBITT'S TWIN,Billy Horschel
RABBITT'S TWIN,Collin Morikawa
RABBITT'S TWIN,Dustin Johnson
RABBITT'S TWIN,Danny Lee
RABBITT'S TWIN,Rory McIlroy
RAHM-COM,Will Zalatoris
RAHM-COM,Mackenzie Hughes
RAHM-COM,Joaquin Niemann
RAHM-COM,Justin Thomas
RAHM-COM,Justin Rose
RAHM-COM,Jon Rahm
RAHM-COM,Max Homa
RAIDER POODLE 1,Scottie Scheffler
RAIDER POODLE 1,Matt Fitzpatrick
RAIDER POODLE 1,Rory McIlroy
RAIDER POODLE 1,Cameron Smith
RAIDER POODLE 1,Sam Burns
RAIDER POODLE 1,Dustin Johnson
RAIDER POODLE 1,Justin Thomas
RAIDER POODLE 2,Justin Thomas
RAIDER POODLE 2,Jon Rahm
RAIDER POODLE 2,Shane Lowry
RAIDER POODLE 2,Brooks Koepka
RAIDER POODLE 2,Will Zalatoris
RAIDER POODLE 2,Rory McIlroy
RAIDER POODLE 2,Xander Schauffele
RAIDERS 01,Justin Thomas
RAIDERS 01,Billy Horschel
RAIDERS 01,Sam Burns
RAIDERS 01,Jon Rahm
RAIDERS 01,Cameron Smith
RAIDERS 01,Hideki Matsuyama
RAIDERS 01,Scottie Scheffler
RAIDERS 02,Rory McIlroy
RAIDERS 02,Cameron Smith
RAIDERS 02,Justin Thomas
RAIDERS 02,Scottie Scheffler
RAIDERS 02,Will Zalatoris
RAIDERS 02,Sam Burns
RAIDERS 02,Jordan Spieth
RAIDERS 03,Xander Schauffele
RAIDERS 03,Will Zalatoris
RAIDERS 03,Max Homa
RAIDERS 03,Rory McIlroy
RAIDERS 03,Joaquin Niemann
RAIDERS 03,Justin Thomas
RAIDERS 03,Patrick Cantlay
RAIDERS 04,Cameron Smith
RAIDERS 04,Cameron Young
RAIDERS 04,Collin Morikawa
RAIDERS 04,Viktor Hovland
RAIDERS 04,Sam Burns
RAIDERS 04,Justin Thomas
RAIDERS 04,Will Zalatoris
RB BARN BUMMERS,Collin Morikawa
RB BARN BUMMERS,Max Homa
RB BARN BUMMERS,Sam Burns
RB BARN BUMMERS,Rory McIlroy
RB BARN BUMMERS,Corey Conners
RB BARN BUMMERS,Justin Thomas
RB BARN BUMMERS,Scottie Scheffler
RICHARD HOFFMAN,Cameron Smith
RICHARD HOFFMAN,Brooks Koepka
RICHARD HOFFMAN,Justin Thomas
RICHARD HOFFMAN,Jon Rahm
RICHARD HOFFMAN,Patrick Cantlay
RICHARD HOFFMAN,Rory McIlroy
RICHARD HOFFMAN,Scottie Scheffler
ROADRUNNER,Corey Conners
ROADRUNNER,Patrick Cantlay
ROADRUNNER,Xander Schauffele
ROADRUNNER,Brooks Koepka
ROADRUNNER,Rory McIlroy
ROADRUNNER,Sam Burns
ROADRUNNER,Will Zalatoris
ROB KANASY,Scottie Scheffler
ROB KANASY,Shane Lowry
ROB KANASY,Justin Thomas
ROB KANASY,Sam Burns
ROB KANASY,Cameron Smith
ROB KANASY,Rory McIlroy
ROB KANASY,Will Zalatoris
RUTHIEMADISON 1,Collin Morikawa
RUTHIEMADISON 1,Corey Conners
RUTHIEMADISON 1,Cameron Smith
RUTHIEMADISON 1,Justin Thomas
RUTHIEMADISON 1,Rory McIlroy
RUTHIEMADISON 1,Will Zalatoris
RUTHIEMADISON 1,Scottie Scheffler
RUTHIEMADISON 2,Rory McIlroy
RUTHIEMADISON 2,Justin Thomas
RUTHIEMADISON 2,Xander Schauffele
RUTHIEMADISON 2,Jon Rahm
RUTHIEMADISON 2,Dustin Johnson
RUTHIEMADISON 2,Joaquin Niemann
RUTHIEMADISON 2,Tony Finau
RUTHIEMADISON 3,Will Zalatoris
RUTHIEMADISON 3,Cameron Smith
RUTHIEMADISON 3,Max Homa
RUTHIEMADISON 3,Patrick Cantlay
RUTHIEMADISON 3,Brooks Koepka
RUTHIEMADISON 3,Billy Horschel
RUTHIEMADISON 3,Jordan Spieth
SANDY,Adam Scott
SANDY,Cameron Smith
SANDY,Justin Rose
SANDY,Patrick Cantlay
SANDY,Collin Morikawa
SANDY,Rory McIlroy
SANDY,Tony Finau
SASSY MOMMA,Russell Henley
SASSY MOMMA,Cameron Smith
SASSY MOMMA,Patrick Cantlay
SASSY MOMMA,Ryan Fox
SASSY MOMMA,Joaquin Niemann
SASSY MOMMA,Justin Thomas
SASSY MOMMA,Sam Burns
SCOTTY,Scottie Scheffler
SCOTTY,Rory McIlroy
SCOTTY,Shane Lowry
SCOTTY,Jordan Spieth
SCOTTY,Max Homa
SCOTTY,Hideki Matsuyama
SCOTTY,Cameron Smith
SEA WARRIOR,Matt Fitzpatrick
SEA WARRIOR,Jordan Spieth
SEA WARRIOR,Cameron Smith
SEA WARRIOR,Justin Thomas
SEA WARRIOR,Sungjae Im
SEA WARRIOR,Rory McIlroy
SEA WARRIOR,Max Homa
SHANE FAGAN 1,Patrick Cantlay
SHANE FAGAN 1,Rory McIlroy
SHANE FAGAN 1,Cameron Smith
SHANE FAGAN 1,Will Zalatoris
SHANE FAGAN 1,Tyrrell Hatton
SHANE FAGAN 1,Corey Conners
SHANE FAGAN 1,Jon Rahm
SHANE FAGAN 2,Jon Rahm
SHANE FAGAN 2,Jason Kokrak
SHANE FAGAN 2,Rory McIlroy
SHANE FAGAN 2,Shane Lowry
SHANE FAGAN 2,Patrick Cantlay
SHANE FAGAN 2,Thomas Pieters
SHANE FAGAN 2,Tommy Fleetwood
SHAWN E,Xander Schauffele
SHAWN E,Cameron Smith
SHAWN E,Scottie Scheffler
SHAWN E,Rory McIlroy
SHAWN E,Jon Rahm
SHAWN E,Patrick Cantlay
SHAWN E,Kevin Kisner
SILVER BEAR,Justin Thomas
SILVER BEAR,Sam Burns
SILVER BEAR,Shane Lowry
SILVER BEAR,Rory McIlroy
SILVER BEAR,Scottie Scheffler
SILVER BEAR,Will Zalatoris
SILVER BEAR,Jordan Spieth
SKINNY P,Scottie Scheffler
SKINNY P,Rory McIlroy
SKINNY P,Sam Burns
SKINNY P,Jon Rahm
SKINNY P,Viktor Hovland
SKINNY P,Corey Conners
SKINNY P,Cameron Smith
SKIPPER 1,Cameron Smith
SKIPPER 1,Justin Thomas
SKIPPER 1,Sungjae Im
SKIPPER 1,Sam Burns
SKIPPER 1,Matt Fitzpatrick
SKIPPER 1,Rory McIlroy
SKIPPER 1,Will Zalatoris
SKIPPER 2,Justin Thomas
SKIPPER 2,Rory McIlroy
SKIPPER 2,Scottie Scheffler
SKIPPER 2,Matt Fitzpatrick
SKIPPER 2,Will Zalatoris
SKIPPER 2,Cameron Smith
SKIPPER 2,Jon Rahm
SOUTHERNS,Louis Oosthuizen
SOUTHERNS,Rory McIlroy
SOUTHERNS,Justin Thomas
SOUTHERNS,Jordan Spieth
SOUTHERNS,Justin Rose
SOUTHERNS,Brian Harman
SOUTHERNS,Hideki Matsuyama
SQUEELER,Justin Thomas
SQUEELER,Justin Rose
SQUEELER,Shane Lowry
SQUEELER,Corey Conners
SQUEELER,Sam Burns
SQUEELER,Rory McIlroy
SQUEELER,Tony Finau
SQUEELER 2,Sam Burns
SQUEELER 2,Jon Rahm
SQUEELER 2,Scottie Scheffler
SQUEELER 2,Cameron Smith
SQUEELER 2,Justin Thomas
SQUEELER 2,Will Zalatoris
SQUEELER 2,Brooks Koepka
SSCRUMPLER 1,Max Homa
SSCRUMPLER 1,Matt Fitzpatrick
SSCRUMPLER 1,Scottie Scheffler
SSCRUMPLER 1,Jon Rahm
SSCRUMPLER 1,Cameron Smith
SSCRUMPLER 1,Rory McIlroy
SSCRUMPLER 1,Corey Conners
SSCRUMPLER 2,Will Zalatoris
SSCRUMPLER 2,Xander Schauffele
SSCRUMPLER 2,Sam Burns
SSCRUMPLER 2,Rory McIlroy
SSCRUMPLER 2,Scottie Scheffler
SSCRUMPLER 2,Joaquin Niemann
SSCRUMPLER 2,Jon Rahm
STATSLADY,Collin Morikawa
STATSLADY,Will Zalatoris
STATSLADY,Jon Rahm
STATSLADY,Xander Schauffele
STATSLADY,Brooks Koepka
STATSLADY,Justin Thomas
STATSLADY,Scottie Scheffler
STEVE IRISH,Jordan Spieth
STEVE IRISH,Scottie Scheffler
STEVE IRISH,Rory McIlroy
STEVE IRISH,Sam Burns
STEVE IRISH,Brooks Koepka
STEVE IRISH,Tommy Fleetwood
STEVE IRISH,Shane Lowry
SUZY CREAMCHEESE,Cameron Smith
SUZY CREAMCHEESE,Justin Thomas
SUZY CREAMCHEESE,Matt Fitzpatrick
SUZY CREAMCHEESE,Patrick Cantlay
SUZY CREAMCHEESE,Rory McIlroy
SUZY CREAMCHEESE,Scottie Scheffler
SUZY CREAMCHEESE,Jon Rahm
TEE FORE 2,Corey Conners
TEE FORE 2,Jon Rahm
TEE FORE 2,Justin Thomas
TEE FORE 2,Patrick Cantlay
TEE FORE 2,Will Zalatoris
TEE FORE 2,Rory McIlroy
TEE FORE 2,Viktor Hovland
THE JR,Corey Conners
THE JR,Scottie Scheffler
THE JR,Justin Thomas
THE JR,Cameron Smith
THE JR,Rory McIlroy
THE JR,Sam Burns
THE JR,Tommy Fleetwood
TOM BROOKSHIER,Scottie Scheffler
TOM BROOKSHIER,Xander Schauffele
TOM BROOKSHIER,Hideki Matsuyama
TOM BROOKSHIER,Joaquin Niemann
TOM BROOKSHIER,Jon Rahm
TOM BROOKSHIER,Will Zalatoris
TOM BROOKSHIER,Jordan Spieth
TORADS,Viktor Hovland
TORADS,Rory McIlroy
TORADS,Scottie Scheffler
TORADS,Justin Rose
TORADS,Will Zalatoris
TORADS,Justin Thomas
TORADS,Joaquin Niemann
TORADS 2,Brooks Koepka
TORADS 2,Xander Schauffele
TORADS 2,Max Homa
TORADS 2,Rory McIlroy
TORADS 2,Sam Burns
TORADS 2,Harris English
TORADS 2,Jordan Spieth
WELSH WIZARD,Justin Thomas
WELSH WIZARD,Max Homa
WELSH WIZARD,Scottie Scheffler
WELSH WIZARD,Keegan Bradley
WELSH WIZARD,Cameron Smith
WELSH WIZARD,Rory McIlroy
WELSH WIZARD,Tommy Fleetwood
WISENHIMER,Collin Morikawa
WISENHIMER,Cameron Smith
WISENHIMER,Scottie Scheffler
WISENHIMER,Rory McIlroy
WISENHIMER,Xander Schauffele
WISENHIMER,Justin Thomas
WISENHIMER,Viktor Hovland
ZACHARIE LANEVILLE,Justin Thomas
ZACHARIE LANEVILLE,Corey Conners
ZACHARIE LANEVILLE,Rory McIlroy
ZACHARIE LANEVILLE,Jordan Spieth
ZACHARIE LANEVILLE,Brooks Koepka
ZACHARIE LANEVILLE,Cameron Smith
ZACHARIE LANEVILLE,Will Zalatoris
